h,l,o,c,v,t
525.0,514.6,525.0,523.29,250,2021-01-04 07:00:00+00:00
524.3,522.94,523.29,524.05,179,2021-01-04 07:30:00+00:00
526.0,524.3,524.3,525.75,144,2021-01-04 08:00:00+00:00
526.0,524.43,525.75,525.2,182,2021-01-04 08:30:00+00:00
525.0,522.8,524.63,524.01,201,2021-01-04 09:00:00+00:00
526.47,524.01,524.98,524.99,474,2021-01-04 09:30:00+00:00
525.95,524.99,524.99,525.5,316,2021-01-04 10:00:00+00:00
525.99,525.5,525.99,525.6,29,2021-01-04 10:30:00+00:00
525.93,524.43,525.9,525.77,87,2021-01-04 11:00:00+00:00
525.61,524.32,525.61,524.32,137,2021-01-04 11:30:00+00:00
525.3,523.16,524.48,525.23,172,2021-01-04 12:00:00+00:00
525.8,524.86,525.6,525.33,2130,2021-01-04 12:30:00+00:00
525.62,525.01,525.24,525.51,2903,2021-01-04 13:00:00+00:00
526.0,525.32,525.57,525.55,4337,2021-01-04 13:30:00+00:00
525.65,523.0,525.55,523.71,6738,2021-01-04 14:00:00+00:00
538.0,518.5,523.78,536.16,602456,2021-01-04 14:30:00+00:00
544.45,535.72,536.14,544.45,402833,2021-01-04 15:00:00+00:00
546.04,538.03,544.44,538.14,293822,2021-01-04 15:30:00+00:00
539.7,533.18,538.11,533.58,248881,2021-01-04 16:00:00+00:00
535.01,528.91,533.5,529.14,152812,2021-01-04 16:30:00+00:00
530.3,523.15,529.12,524.61,192748,2021-01-04 17:00:00+00:00
527.25,521.49,524.47,525.62,151734,2021-01-04 17:30:00+00:00
525.95,523.12,525.52,524.45,112405,2021-01-04 18:00:00+00:00
526.93,522.09,524.31,526.59,105613,2021-01-04 18:30:00+00:00
527.45,524.11,526.6,525.39,58041,2021-01-04 19:00:00+00:00
527.06,523.37,525.25,526.27,74942,2021-01-04 19:30:00+00:00
527.73,525.11,526.35,526.32,75524,2021-01-04 20:00:00+00:00
526.44,523.65,526.32,524.54,312461,2021-01-04 20:30:00+00:00
525.29,524.0,524.54,524.24,794748,2021-01-04 21:00:00+00:00
524.7,524.21,524.45,524.21,547,2021-01-04 21:30:00+00:00
524.49,524.01,524.49,524.01,167,2021-01-04 22:00:00+00:00
524.28,524.01,524.05,524.1,65,2021-01-04 22:30:00+00:00
524.96,524.1,524.96,524.51,173,2021-01-05 07:00:00+00:00
524.3,523.52,524.21,523.52,165,2021-01-05 07:30:00+00:00
525.38,523.55,523.55,524.17,86,2021-01-05 08:00:00+00:00
525.05,524.0,524.17,524.11,67,2021-01-05 08:30:00+00:00
526.79,525.0,525.14,525.9,124,2021-01-05 09:00:00+00:00
527.1,525.9,526.0,526.98,275,2021-01-05 09:30:00+00:00
526.98,526.62,526.98,526.9,29,2021-01-05 10:00:00+00:00
527.69,526.6,526.96,526.86,147,2021-01-05 10:30:00+00:00
528.0,526.9,527.6,528.0,228,2021-01-05 11:00:00+00:00
528.0,525.6,528.0,525.6,111,2021-01-05 11:30:00+00:00
526.01,523.71,526.01,523.71,372,2021-01-05 12:00:00+00:00
524.9,523.47,523.71,524.9,911,2021-01-05 12:30:00+00:00
524.93,521.79,524.89,521.79,3341,2021-01-05 13:00:00+00:00
523.08,520.5,521.85,520.5,4490,2021-01-05 13:30:00+00:00
523.97,520.36,520.8,523.97,4103,2021-01-05 14:00:00+00:00
535.85,523.35,523.79,534.22,333395,2021-01-05 14:30:00+00:00
537.74,533.51,534.25,535.6,186560,2021-01-05 15:00:00+00:00
536.18,531.83,535.44,532.7,122849,2021-01-05 15:30:00+00:00
533.53,530.22,532.87,532.48,96234,2021-01-05 16:00:00+00:00
534.63,532.3,532.59,532.49,75366,2021-01-05 16:30:00+00:00
532.63,529.55,532.57,530.05,65510,2021-01-05 17:00:00+00:00
530.62,527.81,530.09,529.78,90060,2021-01-05 17:30:00+00:00
531.88,529.63,529.79,531.4,53579,2021-01-05 18:00:00+00:00
533.82,531.29,531.39,533.62,65355,2021-01-05 18:30:00+00:00
534.54,533.29,533.63,533.85,59757,2021-01-05 19:00:00+00:00
535.43,533.37,533.96,533.98,71109,2021-01-05 19:30:00+00:00
535.37,533.17,533.95,534.0,68329,2021-01-05 20:00:00+00:00
536.95,533.3,533.96,536.46,289882,2021-01-05 20:30:00+00:00
536.94,536.19,536.46,536.55,789018,2021-01-05 21:00:00+00:00
536.9,536.41,536.8,536.88,1162,2021-01-05 21:30:00+00:00
536.98,536.0,536.5,536.89,799,2021-01-05 22:00:00+00:00
536.98,536.2,536.2,536.55,54,2021-01-05 22:30:00+00:00
534.0,529.03,531.37,530.0,1087,2021-01-06 07:00:00+00:00
530.88,529.01,529.3,530.1,57,2021-01-06 07:30:00+00:00
530.67,522.0,530.1,522.78,1742,2021-01-06 08:00:00+00:00
525.8,522.76,522.78,524.38,851,2021-01-06 08:30:00+00:00
530.0,522.1,524.46,524.37,740,2021-01-06 09:00:00+00:00
528.0,524.03,524.03,525.72,447,2021-01-06 09:30:00+00:00
526.95,524.0,526.95,524.0,225,2021-01-06 10:00:00+00:00
525.38,523.5,524.0,524.05,236,2021-01-06 10:30:00+00:00
523.88,522.6,523.8,523.41,404,2021-01-06 11:00:00+00:00
524.67,522.62,523.4,523.58,211,2021-01-06 11:30:00+00:00
528.52,524.11,524.11,527.55,594,2021-01-06 12:00:00+00:00
527.82,525.0,527.35,525.1,4318,2021-01-06 12:30:00+00:00
527.99,525.0,525.68,527.46,9553,2021-01-06 13:00:00+00:00
527.5,525.0,527.2,525.15,5504,2021-01-06 13:30:00+00:00
529.0,525.0,525.02,528.9,9914,2021-01-06 14:00:00+00:00
529.8,519.29,529.0,521.32,576535,2021-01-06 14:30:00+00:00
522.96,518.51,521.3,522.79,347495,2021-01-06 15:00:00+00:00
525.84,522.0,522.82,522.24,208805,2021-01-06 15:30:00+00:00
524.9,521.59,522.38,524.76,129935,2021-01-06 16:00:00+00:00
525.8,521.97,524.89,522.88,124972,2021-01-06 16:30:00+00:00
525.38,522.35,522.88,524.07,115845,2021-01-06 17:00:00+00:00
524.72,519.47,524.2,519.9,229690,2021-01-06 17:30:00+00:00
522.23,519.12,519.93,519.17,150536,2021-01-06 18:00:00+00:00
522.48,519.16,519.23,520.9,122003,2021-01-06 18:30:00+00:00
521.98,516.01,520.9,516.19,209986,2021-01-06 19:00:00+00:00
518.34,512.9,516.13,513.75,309881,2021-01-06 19:30:00+00:00
515.24,511.3,513.57,513.5,254677,2021-01-06 20:00:00+00:00
513.91,503.53,513.43,504.86,952005,2021-01-06 20:30:00+00:00
508.51,504.57,504.58,508.5,491911,2021-01-06 21:00:00+00:00
509.68,507.5,508.38,508.48,8025,2021-01-06 21:30:00+00:00
509.85,508.26,508.48,509.1,3255,2021-01-06 22:00:00+00:00
509.78,509.05,509.75,509.65,548,2021-01-06 22:30:00+00:00
520.0,510.0,513.67,511.84,1024,2021-01-07 07:00:00+00:00
512.0,511.5,511.84,512.0,255,2021-01-07 07:30:00+00:00
512.0,508.8,512.0,509.34,767,2021-01-07 08:00:00+00:00
510.69,508.52,509.28,508.79,312,2021-01-07 08:30:00+00:00
513.18,508.8,508.8,512.5,1026,2021-01-07 09:00:00+00:00
512.5,510.1,512.5,511.0,281,2021-01-07 09:30:00+00:00
512.5,510.5,510.83,511.82,285,2021-01-07 10:00:00+00:00
512.93,510.13,511.18,510.13,585,2021-01-07 10:30:00+00:00
512.19,511.0,511.67,512.01,288,2021-01-07 11:00:00+00:00
512.33,510.98,511.72,511.99,255,2021-01-07 11:30:00+00:00
514.47,511.67,511.99,513.92,401,2021-01-07 12:00:00+00:00
515.15,513.67,513.9,514.99,5314,2021-01-07 12:30:00+00:00
515.46,514.3,514.86,514.8,8221,2021-01-07 13:00:00+00:00
514.93,513.24,514.75,514.25,11627,2021-01-07 13:30:00+00:00
519.64,514.11,514.16,518.76,25839,2021-01-07 14:00:00+00:00
524.53,515.46,519.0,523.91,649031,2021-01-07 14:30:00+00:00
526.75,522.69,523.82,525.25,339187,2021-01-07 15:00:00+00:00
527.95,525.3,525.37,526.09,188470,2021-01-07 15:30:00+00:00
528.63,525.75,526.1,527.86,177052,2021-01-07 16:00:00+00:00
531.57,527.66,527.98,528.0,199932,2021-01-07 16:30:00+00:00
530.0,527.07,527.93,528.6,103698,2021-01-07 17:00:00+00:00
531.23,527.11,528.88,527.11,121064,2021-01-07 17:30:00+00:00
530.14,525.1,527.2,529.5,90480,2021-01-07 18:00:00+00:00
533.0,529.17,529.52,532.22,167868,2021-01-07 18:30:00+00:00
532.66,530.3,532.18,531.14,80073,2021-01-07 19:00:00+00:00
533.76,530.79,531.22,533.13,91559,2021-01-07 19:30:00+00:00
534.0,532.15,533.22,533.82,133194,2021-01-07 20:00:00+00:00
535.1,532.06,533.85,533.8,365104,2021-01-07 20:30:00+00:00
534.95,532.0,533.76,532.16,571112,2021-01-07 21:00:00+00:00
533.0,532.0,532.06,532.03,2494,2021-01-07 21:30:00+00:00
532.6,531.53,532.03,531.75,229,2021-01-07 22:00:00+00:00
532.5,531.61,531.75,532.22,245,2021-01-07 22:30:00+00:00
533.88,525.95,533.0,530.5,1732,2021-01-08 07:00:00+00:00
531.39,530.06,530.15,530.45,435,2021-01-08 07:30:00+00:00
533.92,530.1,530.27,532.0,1323,2021-01-08 08:00:00+00:00
534.4,530.79,530.91,532.79,325,2021-01-08 08:30:00+00:00
533.97,531.46,533.5,531.73,357,2021-01-08 09:00:00+00:00
532.96,530.32,531.74,531.77,239,2021-01-08 09:30:00+00:00
533.0,531.42,531.75,532.16,115,2021-01-08 10:00:00+00:00
532.27,531.02,531.02,531.41,64,2021-01-08 10:30:00+00:00
532.5,530.29,531.41,531.99,694,2021-01-08 11:00:00+00:00
533.0,531.0,531.99,531.25,105,2021-01-08 11:30:00+00:00
533.24,529.99,532.24,533.0,611,2021-01-08 12:00:00+00:00
536.3,533.33,533.5,535.97,6991,2021-01-08 12:30:00+00:00
535.9,531.55,535.72,531.62,4669,2021-01-08 13:00:00+00:00
534.03,531.33,531.56,533.5,7486,2021-01-08 13:30:00+00:00
535.0,531.65,533.55,534.21,8414,2021-01-08 14:00:00+00:00
536.8,527.63,534.3,531.39,381019,2021-01-08 14:30:00+00:00
533.76,523.5,531.59,525.15,228652,2021-01-08 15:00:00+00:00
528.7,524.12,525.33,527.77,132906,2021-01-08 15:30:00+00:00
528.94,525.66,527.88,527.86,64730,2021-01-08 16:00:00+00:00
528.45,525.17,527.83,527.29,56991,2021-01-08 16:30:00+00:00
529.54,526.42,527.17,528.4,50764,2021-01-08 17:00:00+00:00
530.06,528.03,528.48,528.67,44020,2021-01-08 17:30:00+00:00
528.7,524.02,528.7,526.0,63783,2021-01-08 18:00:00+00:00
526.25,521.68,525.92,524.49,108504,2021-01-08 18:30:00+00:00
526.17,523.93,524.34,525.9,60645,2021-01-08 19:00:00+00:00
528.2,524.9,525.94,527.62,60484,2021-01-08 19:30:00+00:00
528.88,526.78,527.62,528.14,67719,2021-01-08 20:00:00+00:00
531.77,527.35,528.14,531.16,374898,2021-01-08 20:30:00+00:00
531.74,531.07,531.07,531.43,434901,2021-01-08 21:00:00+00:00
532.0,531.1,531.42,532.0,3347,2021-01-08 21:30:00+00:00
531.97,531.26,531.79,531.4,63,2021-01-08 22:00:00+00:00
531.8,531.67,531.75,531.71,35,2021-01-08 22:30:00+00:00
535.0,524.01,526.02,530.0,1891,2021-01-11 07:00:00+00:00
531.87,527.02,530.19,528.99,479,2021-01-11 07:30:00+00:00
530.52,528.52,529.0,528.99,278,2021-01-11 08:00:00+00:00
532.0,528.99,528.99,530.8,260,2021-01-11 08:30:00+00:00
535.55,531.39,531.39,535.0,1540,2021-01-11 09:00:00+00:00
535.0,533.84,534.95,534.34,507,2021-01-11 09:30:00+00:00
538.0,533.83,534.29,537.82,1206,2021-01-11 10:00:00+00:00
541.49,537.81,537.81,540.03,1895,2021-01-11 10:30:00+00:00
540.5,539.2,540.03,539.95,450,2021-01-11 11:00:00+00:00
543.0,539.53,539.96,542.15,1422,2021-01-11 11:30:00+00:00
543.48,540.02,542.0,542.88,1597,2021-01-11 12:00:00+00:00
545.44,542.0,542.88,542.04,14312,2021-01-11 12:30:00+00:00
542.2,539.12,542.04,540.99,10383,2021-01-11 13:00:00+00:00
541.0,536.5,540.9,538.6,18826,2021-01-11 13:30:00+00:00
539.55,536.61,538.8,537.0,12024,2021-01-11 14:00:00+00:00
556.65,534.44,536.96,553.04,974171,2021-01-11 14:30:00+00:00
555.76,550.5,553.25,552.38,241560,2021-01-11 15:00:00+00:00
556.95,551.05,552.51,553.32,259192,2021-01-11 15:30:00+00:00
553.98,548.1,553.32,550.94,145811,2021-01-11 16:00:00+00:00
552.55,549.45,550.81,549.59,77575,2021-01-11 16:30:00+00:00
553.46,548.22,549.77,553.46,108941,2021-01-11 17:00:00+00:00
557.63,552.85,553.37,555.88,187089,2021-01-11 17:30:00+00:00
558.44,555.8,555.93,556.0,131758,2021-01-11 18:00:00+00:00
556.39,554.35,556.02,555.85,60507,2021-01-11 18:30:00+00:00
555.87,550.7,555.84,551.64,100865,2021-01-11 19:00:00+00:00
552.17,549.06,551.53,551.09,91771,2021-01-11 19:30:00+00:00
551.08,544.51,551.08,545.48,135673,2021-01-11 20:00:00+00:00
547.27,543.63,545.48,544.57,253496,2021-01-11 20:30:00+00:00
547.33,544.42,544.86,545.85,514075,2021-01-11 21:00:00+00:00
545.95,545.0,545.5,545.45,960,2021-01-11 21:30:00+00:00
545.95,545.18,545.43,545.52,746,2021-01-11 22:00:00+00:00
545.94,545.52,545.54,545.62,295,2021-01-11 22:30:00+00:00
553.79,546.55,552.73,549.5,726,2021-01-12 07:00:00+00:00
551.95,549.5,549.98,550.13,185,2021-01-12 07:30:00+00:00
552.0,549.49,550.13,549.5,466,2021-01-12 08:00:00+00:00
551.16,549.49,549.5,550.92,167,2021-01-12 08:30:00+00:00
551.1,548.0,549.77,550.0,333,2021-01-12 09:00:00+00:00
551.0,549.91,550.36,551.0,152,2021-01-12 09:30:00+00:00
551.1,549.98,551.0,551.09,256,2021-01-12 10:00:00+00:00
551.7,550.85,551.1,551.0,221,2021-01-12 10:30:00+00:00
551.89,550.4,551.48,551.22,124,2021-01-12 11:00:00+00:00
552.34,550.0,551.45,551.99,270,2021-01-12 11:30:00+00:00
551.97,549.21,551.41,549.99,298,2021-01-12 12:00:00+00:00
551.13,548.5,549.75,550.0,2695,2021-01-12 12:30:00+00:00
550.65,547.52,550.03,548.49,5564,2021-01-12 13:00:00+00:00
550.46,547.65,548.35,549.09,13639,2021-01-12 13:30:00+00:00
550.29,547.65,548.52,550.0,9318,2021-01-12 14:00:00+00:00
550.2,533.76,549.43,539.24,495306,2021-01-12 14:30:00+00:00
540.89,535.5,539.17,538.4,143657,2021-01-12 15:00:00+00:00
540.43,537.31,538.46,539.46,83685,2021-01-12 15:30:00+00:00
546.2,538.6,539.46,544.8,130203,2021-01-12 16:00:00+00:00
545.43,539.15,545.0,541.05,89361,2021-01-12 16:30:00+00:00
541.62,536.2,541.04,539.02,82073,2021-01-12 17:00:00+00:00
542.06,538.27,538.9,541.81,65613,2021-01-12 17:30:00+00:00
542.0,539.8,541.75,541.49,41429,2021-01-12 18:00:00+00:00
542.61,540.82,541.37,541.35,65465,2021-01-12 18:30:00+00:00
542.83,539.8,541.24,540.2,64633,2021-01-12 19:00:00+00:00
541.62,537.41,540.11,538.02,72669,2021-01-12 19:30:00+00:00
538.31,536.23,538.15,537.46,78413,2021-01-12 20:00:00+00:00
540.07,537.29,537.46,539.4,180178,2021-01-12 20:30:00+00:00
540.3,538.0,539.39,539.16,294751,2021-01-12 21:00:00+00:00
539.39,538.9,539.16,538.9,303,2021-01-12 21:30:00+00:00
539.0,538.75,539.0,538.75,22,2021-01-12 22:00:00+00:00
539.65,539.39,539.39,539.64,185,2021-01-12 22:30:00+00:00
541.47,539.8,539.8,541.43,225,2021-01-13 07:00:00+00:00
541.75,540.5,541.45,541.49,201,2021-01-13 07:30:00+00:00
543.1,540.49,540.49,540.52,267,2021-01-13 08:00:00+00:00
541.91,540.5,540.51,541.72,67,2021-01-13 08:30:00+00:00
541.72,539.51,541.72,539.51,371,2021-01-13 09:00:00+00:00
540.93,539.0,539.0,540.91,64,2021-01-13 09:30:00+00:00
540.91,539.09,540.91,540.0,92,2021-01-13 10:00:00+00:00
540.72,539.0,540.72,539.33,55,2021-01-13 10:30:00+00:00
539.55,538.0,539.0,538.0,91,2021-01-13 11:00:00+00:00
539.04,537.06,537.77,539.01,118,2021-01-13 11:30:00+00:00
539.9,538.01,538.63,538.81,32,2021-01-13 12:00:00+00:00
538.09,535.5,538.09,536.68,1420,2021-01-13 12:30:00+00:00
538.0,536.22,536.65,536.8,4011,2021-01-13 13:00:00+00:00
538.0,536.66,536.75,537.4,1064,2021-01-13 13:30:00+00:00
539.0,534.1,537.41,539.0,11913,2021-01-13 14:00:00+00:00
544.78,535.46,539.0,539.67,351921,2021-01-13 14:30:00+00:00
540.5,535.41,539.84,539.0,134686,2021-01-13 15:00:00+00:00
541.0,538.57,539.2,539.55,87719,2021-01-13 15:30:00+00:00
540.43,536.79,539.66,539.25,62251,2021-01-13 16:00:00+00:00
542.89,539.15,539.39,540.75,69807,2021-01-13 16:30:00+00:00
540.91,538.33,540.76,539.93,58914,2021-01-13 17:00:00+00:00
540.2,538.58,540.07,538.74,42228,2021-01-13 17:30:00+00:00
542.71,538.97,538.97,542.68,53604,2021-01-13 18:00:00+00:00
543.74,541.97,542.55,542.83,65431,2021-01-13 18:30:00+00:00
544.19,541.91,542.85,542.9,52337,2021-01-13 19:00:00+00:00
544.02,541.9,542.85,544.02,45939,2021-01-13 19:30:00+00:00
544.25,540.22,544.07,540.38,75564,2021-01-13 20:00:00+00:00
542.78,540.27,540.42,541.22,198669,2021-01-13 20:30:00+00:00
541.48,540.16,541.27,541.0,303326,2021-01-13 21:00:00+00:00
541.39,540.85,541.0,541.03,109,2021-01-13 21:30:00+00:00
541.65,540.96,541.45,541.65,50,2021-01-13 22:00:00+00:00
541.65,540.96,541.65,541.63,73,2021-01-13 22:30:00+00:00
544.09,536.33,544.09,543.0,102,2021-01-14 07:00:00+00:00
543.01,541.52,542.99,543.0,127,2021-01-14 07:30:00+00:00
543.0,541.02,542.23,541.5,25,2021-01-14 08:00:00+00:00
541.56,540.39,541.27,541.56,73,2021-01-14 08:30:00+00:00
546.0,542.16,543.0,544.95,852,2021-01-14 09:00:00+00:00
545.66,545.0,545.6,545.02,196,2021-01-14 09:30:00+00:00
545.02,542.07,545.02,542.07,49,2021-01-14 10:00:00+00:00
543.19,542.1,542.77,542.71,58,2021-01-14 10:30:00+00:00
542.86,541.68,542.71,541.86,124,2021-01-14 11:00:00+00:00
542.66,541.4,541.81,542.0,26,2021-01-14 11:30:00+00:00
544.0,542.46,542.46,543.19,66,2021-01-14 12:00:00+00:00
543.8,542.2,543.16,543.44,2017,2021-01-14 12:30:00+00:00
543.75,542.0,542.85,543.4,1774,2021-01-14 13:00:00+00:00
545.09,543.05,543.4,544.21,3555,2021-01-14 13:30:00+00:00
545.0,543.05,544.11,543.39,6062,2021-01-14 14:00:00+00:00
543.99,537.3,543.12,538.3,249661,2021-01-14 14:30:00+00:00
540.01,536.91,538.45,538.55,150893,2021-01-14 15:00:00+00:00
538.68,536.09,538.59,536.66,119091,2021-01-14 15:30:00+00:00
538.07,534.7,536.88,535.72,120444,2021-01-14 16:00:00+00:00
536.21,532.64,535.63,534.77,106749,2021-01-14 16:30:00+00:00
537.2,533.8,534.59,535.35,101357,2021-01-14 17:00:00+00:00
537.06,533.73,535.34,536.86,71008,2021-01-14 17:30:00+00:00
536.91,534.29,536.75,534.57,48360,2021-01-14 18:00:00+00:00
534.89,532.1,534.5,532.51,79306,2021-01-14 18:30:00+00:00
534.06,531.5,532.51,531.88,77636,2021-01-14 19:00:00+00:00
531.95,529.01,531.95,530.84,144256,2021-01-14 19:30:00+00:00
531.44,527.34,530.83,528.59,132921,2021-01-14 20:00:00+00:00
532.44,527.21,528.59,527.83,310147,2021-01-14 20:30:00+00:00
528.87,526.38,528.01,527.8,394532,2021-01-14 21:00:00+00:00
528.39,527.25,527.75,527.5,714,2021-01-14 21:30:00+00:00
528.38,527.77,527.77,528.38,598,2021-01-14 22:00:00+00:00
529.9,528.2,528.37,529.9,326,2021-01-14 22:30:00+00:00
530.34,525.25,527.79,530.2,417,2021-01-15 07:00:00+00:00
530.2,528.98,530.2,530.2,314,2021-01-15 07:30:00+00:00
530.2,528.98,530.2,529.35,114,2021-01-15 08:00:00+00:00
529.52,528.98,529.0,529.52,91,2021-01-15 08:30:00+00:00
529.53,528.0,529.3,528.1,275,2021-01-15 09:00:00+00:00
528.1,528.01,528.01,528.01,71,2021-01-15 09:30:00+00:00
528.27,527.7,528.25,527.75,186,2021-01-15 10:00:00+00:00
528.73,527.0,528.29,527.46,186,2021-01-15 10:30:00+00:00
527.71,526.7,527.46,527.2,177,2021-01-15 11:00:00+00:00
527.53,526.01,526.82,526.5,303,2021-01-15 11:30:00+00:00
529.34,527.9,528.04,529.25,136,2021-01-15 12:00:00+00:00
531.15,528.61,529.25,530.89,2349,2021-01-15 12:30:00+00:00
531.55,530.51,530.61,531.33,3804,2021-01-15 13:00:00+00:00
531.95,529.73,531.33,530.1,3306,2021-01-15 13:30:00+00:00
531.01,527.87,530.01,527.87,17160,2021-01-15 14:00:00+00:00
533.11,525.33,528.61,526.95,481811,2021-01-15 14:30:00+00:00
527.3,517.82,526.98,518.22,241041,2021-01-15 15:00:00+00:00
520.19,516.6,518.3,518.52,157511,2021-01-15 15:30:00+00:00
521.55,515.8,518.53,521.42,109288,2021-01-15 16:00:00+00:00
522.35,519.67,521.37,519.69,56748,2021-01-15 16:30:00+00:00
520.96,517.7,519.8,517.81,68175,2021-01-15 17:00:00+00:00
521.54,517.73,517.83,520.86,60872,2021-01-15 17:30:00+00:00
522.3,519.64,520.86,521.62,39260,2021-01-15 18:00:00+00:00
522.14,520.72,521.49,521.3,33570,2021-01-15 18:30:00+00:00
521.9,518.89,521.29,519.62,39857,2021-01-15 19:00:00+00:00
520.42,518.4,519.61,518.76,45226,2021-01-15 19:30:00+00:00
519.17,515.72,518.83,515.82,119336,2021-01-15 20:00:00+00:00
517.31,513.9,515.87,514.38,344792,2021-01-15 20:30:00+00:00
515.88,513.9,514.38,514.03,404755,2021-01-15 21:00:00+00:00
514.46,512.5,514.0,512.51,2612,2021-01-15 21:30:00+00:00
514.48,512.26,514.4,513.0,756,2021-01-15 22:00:00+00:00
514.0,512.61,512.97,513.85,211,2021-01-15 22:30:00+00:00
523.22,515.01,518.5,521.89,1107,2021-01-19 07:00:00+00:00
523.9,521.0,521.9,523.5,483,2021-01-19 07:30:00+00:00
524.88,520.31,523.5,523.01,691,2021-01-19 08:00:00+00:00
524.39,522.51,523.78,523.37,450,2021-01-19 08:30:00+00:00
523.94,521.54,523.01,523.0,646,2021-01-19 09:00:00+00:00
524.9,523.0,523.0,524.68,200,2021-01-19 09:30:00+00:00
524.7,523.5,524.69,524.34,346,2021-01-19 10:00:00+00:00
524.55,523.53,523.53,524.14,97,2021-01-19 10:30:00+00:00
524.82,523.94,524.82,524.55,91,2021-01-19 11:00:00+00:00
524.7,523.71,523.94,524.53,249,2021-01-19 11:30:00+00:00
524.45,518.53,524.37,519.71,1299,2021-01-19 12:00:00+00:00
519.1,517.11,519.1,518.48,4410,2021-01-19 12:30:00+00:00
519.2,517.99,518.47,518.8,2886,2021-01-19 13:00:00+00:00
519.29,518.65,518.95,519.0,3516,2021-01-19 13:30:00+00:00
521.27,518.61,519.13,521.14,5851,2021-01-19 14:00:00+00:00
523.77,516.4,521.27,518.44,346414,2021-01-19 14:30:00+00:00
520.93,516.38,518.49,517.59,105763,2021-01-19 15:00:00+00:00
518.3,515.2,517.82,516.67,68732,2021-01-19 15:30:00+00:00
518.0,513.78,516.67,515.98,98863,2021-01-19 16:00:00+00:00
516.54,514.7,515.87,515.22,64208,2021-01-19 16:30:00+00:00
515.91,514.58,515.2,515.54,38894,2021-01-19 17:00:00+00:00
518.79,515.45,515.6,518.43,54892,2021-01-19 17:30:00+00:00
520.33,518.25,518.38,519.14,74799,2021-01-19 18:00:00+00:00
519.98,518.41,519.25,519.4,37818,2021-01-19 18:30:00+00:00
520.48,518.37,519.48,519.63,40281,2021-01-19 19:00:00+00:00
521.0,519.07,519.67,520.35,58153,2021-01-19 19:30:00+00:00
521.0,518.9,520.22,519.38,52156,2021-01-19 20:00:00+00:00
521.73,519.19,519.38,521.01,190523,2021-01-19 20:30:00+00:00
521.98,520.5,521.01,521.9,579941,2021-01-19 21:00:00+00:00
522.8,521.5,521.7,522.77,1962,2021-01-19 21:30:00+00:00
522.99,522.0,522.64,522.05,3014,2021-01-19 22:00:00+00:00
523.0,522.0,522.03,522.0,123,2021-01-19 22:30:00+00:00
528.74,519.31,525.06,525.86,791,2021-01-20 07:00:00+00:00
527.49,525.26,525.7,526.45,656,2021-01-20 07:30:00+00:00
526.45,523.0,526.45,523.89,256,2021-01-20 08:00:00+00:00
524.0,522.4,523.89,522.95,241,2021-01-20 08:30:00+00:00
522.95,522.05,522.53,522.5,411,2021-01-20 09:00:00+00:00
524.12,522.39,522.97,524.11,217,2021-01-20 09:30:00+00:00
525.5,523.9,524.49,524.96,237,2021-01-20 10:00:00+00:00
525.26,524.24,525.05,524.97,436,2021-01-20 10:30:00+00:00
525.5,524.34,525.2,524.45,238,2021-01-20 11:00:00+00:00
525.48,524.03,524.25,525.0,222,2021-01-20 11:30:00+00:00
524.7,523.7,524.7,524.13,364,2021-01-20 12:00:00+00:00
524.67,523.51,524.0,524.49,1095,2021-01-20 12:30:00+00:00
525.0,524.11,524.11,524.99,1140,2021-01-20 13:00:00+00:00
525.8,524.44,524.63,525.55,3338,2021-01-20 13:30:00+00:00
526.4,524.74,525.5,524.74,8953,2021-01-20 14:00:00+00:00
533.3,522.25,525.0,530.61,337178,2021-01-20 14:30:00+00:00
534.06,528.8,530.61,532.9,139235,2021-01-20 15:00:00+00:00
533.85,529.73,533.0,531.99,77351,2021-01-20 15:30:00+00:00
532.5,529.08,531.81,529.24,81584,2021-01-20 16:00:00+00:00
530.93,528.18,529.17,530.87,52209,2021-01-20 16:30:00+00:00
531.94,530.71,530.95,531.37,46241,2021-01-20 17:00:00+00:00
534.13,531.37,531.37,533.09,79630,2021-01-20 17:30:00+00:00
533.89,532.18,533.12,532.28,47120,2021-01-20 18:00:00+00:00
534.01,531.93,532.33,532.59,59383,2021-01-20 18:30:00+00:00
533.68,531.85,532.52,533.65,28159,2021-01-20 19:00:00+00:00
534.79,532.92,533.69,534.38,60554,2021-01-20 19:30:00+00:00
535.38,533.55,534.48,534.76,84134,2021-01-20 20:00:00+00:00
537.25,534.44,534.81,534.52,271411,2021-01-20 20:30:00+00:00
534.63,534.14,534.63,534.34,490031,2021-01-20 21:00:00+00:00
534.6,534.28,534.37,534.35,91,2021-01-20 21:30:00+00:00
534.63,534.28,534.35,534.55,462,2021-01-20 22:00:00+00:00
534.99,534.63,534.63,534.99,365,2021-01-20 22:30:00+00:00
538.42,534.01,538.42,538.0,668,2021-01-21 07:00:00+00:00
538.0,536.83,538.0,537.0,121,2021-01-21 07:30:00+00:00
538.39,536.5,536.83,538.3,287,2021-01-21 08:00:00+00:00
539.88,537.38,538.29,538.99,459,2021-01-21 08:30:00+00:00
538.99,536.53,538.99,537.24,293,2021-01-21 09:00:00+00:00
537.64,537.0,537.07,537.62,59,2021-01-21 09:30:00+00:00
538.0,537.0,537.62,538.0,107,2021-01-21 10:00:00+00:00
538.24,536.2,538.0,536.2,237,2021-01-21 10:30:00+00:00
537.3,536.47,537.2,537.07,132,2021-01-21 11:00:00+00:00
536.86,535.0,536.7,535.43,579,2021-01-21 11:30:00+00:00
537.56,535.43,535.8,537.56,394,2021-01-21 12:00:00+00:00
537.54,536.01,537.54,536.17,2722,2021-01-21 12:30:00+00:00
537.2,536.11,536.31,536.58,2445,2021-01-21 13:00:00+00:00
536.8,533.48,536.6,534.27,8356,2021-01-21 13:30:00+00:00
536.2,534.01,534.8,536.2,6459,2021-01-21 14:00:00+00:00
541.21,530.19,536.2,540.55,410377,2021-01-21 14:30:00+00:00
543.98,539.22,540.65,542.07,170950,2021-01-21 15:00:00+00:00
543.75,540.51,542.23,543.02,56072,2021-01-21 15:30:00+00:00
546.57,541.66,543.16,546.08,142073,2021-01-21 16:00:00+00:00
546.78,543.01,546.09,544.76,96392,2021-01-21 16:30:00+00:00
544.92,540.08,544.78,543.0,69679,2021-01-21 17:00:00+00:00
544.21,541.31,542.8,543.46,69008,2021-01-21 17:30:00+00:00
545.4,543.12,543.48,544.75,63159,2021-01-21 18:00:00+00:00
546.72,544.44,544.7,545.65,57094,2021-01-21 18:30:00+00:00
546.77,545.21,545.65,545.98,39988,2021-01-21 19:00:00+00:00
547.77,545.19,546.0,547.67,71860,2021-01-21 19:30:00+00:00
550.91,547.17,547.58,550.91,182182,2021-01-21 20:00:00+00:00
559.99,550.67,550.92,554.7,562031,2021-01-21 20:30:00+00:00
555.0,550.6,554.43,552.16,315421,2021-01-21 21:00:00+00:00
554.47,552.0,552.16,552.1,4197,2021-01-21 21:30:00+00:00
553.4,551.62,552.0,553.1,4252,2021-01-21 22:00:00+00:00
553.43,552.25,553.18,553.43,1344,2021-01-21 22:30:00+00:00
550.79,545.83,550.3,547.16,786,2021-01-22 07:00:00+00:00
549.84,546.01,546.02,549.38,563,2021-01-22 07:30:00+00:00
550.0,548.11,548.17,548.63,342,2021-01-22 08:00:00+00:00
549.94,547.62,549.2,548.17,343,2021-01-22 08:30:00+00:00
551.8,546.5,548.52,550.66,841,2021-01-22 09:00:00+00:00
551.23,549.08,550.7,551.0,284,2021-01-22 09:30:00+00:00
551.5,547.99,551.0,550.71,206,2021-01-22 10:00:00+00:00
551.26,549.19,550.72,549.44,331,2021-01-22 10:30:00+00:00
550.88,549.0,549.83,549.79,363,2021-01-22 11:00:00+00:00
550.8,547.79,549.85,548.74,364,2021-01-22 11:30:00+00:00
550.0,547.89,548.15,548.77,219,2021-01-22 12:00:00+00:00
548.8,547.02,548.45,548.01,5162,2021-01-22 12:30:00+00:00
548.5,547.1,548.47,548.0,3125,2021-01-22 13:00:00+00:00
550.49,547.69,548.0,549.8,8114,2021-01-22 13:30:00+00:00
551.0,549.15,549.73,549.71,6749,2021-01-22 14:00:00+00:00
551.65,545.05,549.93,550.64,378479,2021-01-22 14:30:00+00:00
551.5,547.41,550.74,548.47,182810,2021-01-22 15:00:00+00:00
549.93,546.42,548.46,548.69,90996,2021-01-22 15:30:00+00:00
549.62,547.0,548.62,548.63,54306,2021-01-22 16:00:00+00:00
550.0,547.99,548.71,549.07,63851,2021-01-22 16:30:00+00:00
549.97,547.73,549.18,548.82,73294,2021-01-22 17:00:00+00:00
549.65,548.5,548.83,548.72,55251,2021-01-22 17:30:00+00:00
553.44,548.59,548.66,552.05,83529,2021-01-22 18:00:00+00:00
552.64,550.54,552.05,550.58,51969,2021-01-22 18:30:00+00:00
553.15,550.55,550.66,551.49,72114,2021-01-22 19:00:00+00:00
552.03,549.94,551.41,551.71,43252,2021-01-22 19:30:00+00:00
553.65,551.16,551.8,552.22,84132,2021-01-22 20:00:00+00:00
552.37,548.28,552.37,548.5,222708,2021-01-22 20:30:00+00:00
549.04,548.0,548.5,548.2,321868,2021-01-22 21:00:00+00:00
548.3,547.76,548.2,548.27,517,2021-01-22 21:30:00+00:00
548.3,547.95,548.25,548.01,647,2021-01-22 22:00:00+00:00
548.1,547.95,548.01,547.95,548,2021-01-22 22:30:00+00:00
553.92,549.0,552.21,552.3,268,2021-01-25 07:00:00+00:00
552.7,551.27,552.3,552.0,122,2021-01-25 07:30:00+00:00
552.19,550.86,552.19,551.3,316,2021-01-25 08:00:00+00:00
552.07,550.8,551.3,551.01,112,2021-01-25 08:30:00+00:00
553.72,549.9,551.0,552.58,558,2021-01-25 09:00:00+00:00
553.3,551.4,553.21,551.92,135,2021-01-25 09:30:00+00:00
552.55,551.4,551.58,551.8,42,2021-01-25 10:00:00+00:00
554.7,552.0,552.0,554.67,145,2021-01-25 10:30:00+00:00
554.63,552.64,554.6,552.81,251,2021-01-25 11:00:00+00:00
552.9,551.69,552.9,552.32,105,2021-01-25 11:30:00+00:00
552.41,551.26,552.41,551.84,209,2021-01-25 12:00:00+00:00
552.25,551.0,551.76,551.13,3087,2021-01-25 12:30:00+00:00
551.45,550.0,551.43,550.35,3408,2021-01-25 13:00:00+00:00
551.0,549.72,550.35,551.0,5364,2021-01-25 13:30:00+00:00
552.0,550.95,551.25,551.21,4802,2021-01-25 14:00:00+00:00
553.06,549.25,551.3,550.28,319662,2021-01-25 14:30:00+00:00
551.1,546.54,550.28,546.96,139634,2021-01-25 15:00:00+00:00
547.5,535.08,547.04,535.42,232361,2021-01-25 15:30:00+00:00
538.79,529.43,535.31,537.91,255250,2021-01-25 16:00:00+00:00
541.4,537.18,537.91,540.91,91828,2021-01-25 16:30:00+00:00
541.86,535.56,540.85,536.89,87759,2021-01-25 17:00:00+00:00
542.0,535.86,536.55,541.69,108072,2021-01-25 17:30:00+00:00
545.06,541.26,541.84,544.68,100874,2021-01-25 18:00:00+00:00
546.71,544.04,544.65,546.54,63497,2021-01-25 18:30:00+00:00
546.82,543.76,546.4,544.4,53437,2021-01-25 19:00:00+00:00
545.4,543.89,544.47,544.63,41204,2021-01-25 19:30:00+00:00
544.82,540.56,544.55,541.39,51236,2021-01-25 20:00:00+00:00
546.85,540.74,541.35,546.39,244033,2021-01-25 20:30:00+00:00
546.5,544.5,546.13,545.31,299921,2021-01-25 21:00:00+00:00
545.7,545.01,545.51,545.35,668,2021-01-25 21:30:00+00:00
545.5,544.7,545.5,545.01,220,2021-01-25 22:00:00+00:00
545.0,543.61,545.0,543.61,82,2021-01-25 22:30:00+00:00
542.0,540.04,541.04,541.81,141,2021-01-26 07:00:00+00:00
541.75,540.1,541.7,541.0,133,2021-01-26 07:30:00+00:00
543.53,541.0,541.6,542.67,63,2021-01-26 08:00:00+00:00
544.07,543.11,543.11,543.56,56,2021-01-26 08:30:00+00:00
544.35,542.26,544.14,542.8,65,2021-01-26 09:00:00+00:00
543.39,542.33,542.99,543.05,74,2021-01-26 09:30:00+00:00
543.5,540.74,542.33,542.24,100,2021-01-26 10:00:00+00:00
544.14,542.24,542.25,543.3,112,2021-01-26 10:30:00+00:00
544.49,543.32,543.32,544.19,60,2021-01-26 11:00:00+00:00
545.95,544.13,544.6,545.06,99,2021-01-26 11:30:00+00:00
546.28,544.58,545.41,546.04,101,2021-01-26 12:00:00+00:00
546.04,543.02,546.04,544.01,992,2021-01-26 12:30:00+00:00
544.18,542.0,544.0,543.0,2272,2021-01-26 13:00:00+00:00
543.52,542.26,543.0,542.85,1175,2021-01-26 13:30:00+00:00
544.2,541.9,542.78,542.22,2789,2021-01-26 14:00:00+00:00
545.85,537.62,542.78,543.67,230278,2021-01-26 14:30:00+00:00
545.23,539.7,543.67,541.49,91583,2021-01-26 15:00:00+00:00
544.59,540.47,541.31,542.0,57909,2021-01-26 15:30:00+00:00
542.57,539.46,542.13,539.53,45556,2021-01-26 16:00:00+00:00
540.7,538.24,539.52,538.3,57135,2021-01-26 16:30:00+00:00
541.11,538.14,538.34,540.92,32436,2021-01-26 17:00:00+00:00
540.98,538.45,540.98,539.22,37074,2021-01-26 17:30:00+00:00
539.39,538.36,539.22,539.0,32020,2021-01-26 18:00:00+00:00
539.58,538.61,539.0,539.2,26644,2021-01-26 18:30:00+00:00
539.35,537.13,539.19,538.14,39783,2021-01-26 19:00:00+00:00
539.23,537.42,538.17,538.68,32007,2021-01-26 19:30:00+00:00
540.37,537.74,538.52,537.82,48091,2021-01-26 20:00:00+00:00
538.24,535.5,537.8,537.41,197699,2021-01-26 20:30:00+00:00
543.56,536.0,537.41,538.9,211356,2021-01-26 21:00:00+00:00
539.5,536.12,538.86,537.6,3370,2021-01-26 21:30:00+00:00
538.27,537.0,537.95,538.0,789,2021-01-26 22:00:00+00:00
539.0,537.5,537.5,538.1,638,2021-01-26 22:30:00+00:00
541.41,540.1,540.43,540.5,145,2021-01-27 07:00:00+00:00
541.52,540.5,541.1,541.39,102,2021-01-27 07:30:00+00:00
541.29,537.0,541.29,537.0,799,2021-01-27 08:00:00+00:00
538.11,537.01,537.8,537.95,74,2021-01-27 08:30:00+00:00
544.0,537.1,537.51,539.63,375,2021-01-27 09:00:00+00:00
540.25,538.64,539.76,539.16,43,2021-01-27 09:30:00+00:00
538.98,537.45,538.5,537.46,86,2021-01-27 10:00:00+00:00
538.0,535.5,538.0,535.91,450,2021-01-27 10:30:00+00:00
536.45,532.14,535.5,534.31,596,2021-01-27 11:00:00+00:00
534.3,531.52,534.0,532.49,291,2021-01-27 11:30:00+00:00
533.68,531.0,532.49,531.02,119,2021-01-27 12:00:00+00:00
531.4,528.02,531.0,528.49,6737,2021-01-27 12:30:00+00:00
531.0,527.59,528.39,528.69,8312,2021-01-27 13:00:00+00:00
529.8,527.6,529.09,529.0,5813,2021-01-27 13:30:00+00:00
529.8,526.2,528.93,529.2,14722,2021-01-27 14:00:00+00:00
529.45,514.34,529.2,522.42,738867,2021-01-27 14:30:00+00:00
528.79,521.72,522.3,525.5,209452,2021-01-27 15:00:00+00:00
526.39,522.55,525.3,525.0,119145,2021-01-27 15:30:00+00:00
525.12,519.0,525.0,520.0,103980,2021-01-27 16:00:00+00:00
520.71,517.5,520.07,517.68,136068,2021-01-27 16:30:00+00:00
524.65,516.65,517.73,523.44,101762,2021-01-27 17:00:00+00:00
525.03,521.22,523.65,523.89,63567,2021-01-27 17:30:00+00:00
523.9,520.15,523.86,522.75,52095,2021-01-27 18:00:00+00:00
522.89,519.84,522.6,520.21,54282,2021-01-27 18:30:00+00:00
523.35,517.88,520.32,518.13,90906,2021-01-27 19:00:00+00:00
518.73,515.45,518.01,515.45,224764,2021-01-27 19:30:00+00:00
517.88,512.35,515.5,513.23,273259,2021-01-27 20:00:00+00:00
517.88,511.73,513.24,517.05,380141,2021-01-27 20:30:00+00:00
518.0,511.11,516.83,515.02,578627,2021-01-27 21:00:00+00:00
517.83,513.5,515.02,517.0,2451,2021-01-27 21:30:00+00:00
518.0,516.36,517.19,517.12,1917,2021-01-27 22:00:00+00:00
517.9,514.8,517.9,516.59,827,2021-01-27 22:30:00+00:00
519.9,511.73,512.97,513.0,1133,2021-01-28 07:00:00+00:00
514.88,513.0,513.0,514.28,662,2021-01-28 07:30:00+00:00
519.29,514.0,514.28,519.0,612,2021-01-28 08:00:00+00:00
519.29,514.12,519.23,514.12,812,2021-01-28 08:30:00+00:00
514.9,510.37,514.9,512.0,981,2021-01-28 09:00:00+00:00
512.98,510.03,512.41,510.57,978,2021-01-28 09:30:00+00:00
513.4,510.08,511.06,512.0,229,2021-01-28 10:00:00+00:00
514.0,510.87,512.74,511.01,353,2021-01-28 10:30:00+00:00
514.0,510.05,511.0,513.88,325,2021-01-28 11:00:00+00:00
514.99,513.04,513.87,514.3,284,2021-01-28 11:30:00+00:00
518.2,513.0,514.27,518.2,531,2021-01-28 12:00:00+00:00
519.11,516.71,517.89,517.4,5651,2021-01-28 12:30:00+00:00
518.42,513.83,517.1,515.0,4975,2021-01-28 13:00:00+00:00
521.0,515.1,515.48,519.64,7763,2021-01-28 13:30:00+00:00
523.02,519.09,519.51,519.87,13426,2021-01-28 14:00:00+00:00
523.34,518.5,519.87,520.27,323873,2021-01-28 14:30:00+00:00
526.8,520.57,520.57,524.72,183613,2021-01-28 15:00:00+00:00
525.13,520.57,524.74,523.75,116406,2021-01-28 15:30:00+00:00
526.64,523.58,524.06,524.55,102101,2021-01-28 16:00:00+00:00
526.5,522.03,524.61,526.03,69320,2021-01-28 16:30:00+00:00
528.33,524.61,526.13,527.99,125798,2021-01-28 17:00:00+00:00
531.0,527.54,528.0,529.39,113543,2021-01-28 17:30:00+00:00
531.03,528.52,529.33,530.05,83814,2021-01-28 18:00:00+00:00
533.58,529.36,530.16,531.96,90218,2021-01-28 18:30:00+00:00
532.52,528.39,532.0,530.42,78092,2021-01-28 19:00:00+00:00
530.46,526.81,530.43,528.15,87995,2021-01-28 19:30:00+00:00
528.44,524.62,528.36,525.01,93426,2021-01-28 20:00:00+00:00
526.8,521.38,525.08,522.04,225050,2021-01-28 20:30:00+00:00
523.45,521.2,522.04,521.55,447444,2021-01-28 21:00:00+00:00
522.2,521.0,522.04,522.19,897,2021-01-28 21:30:00+00:00
523.0,521.55,522.2,522.75,404,2021-01-28 22:00:00+00:00
523.5,522.66,522.85,522.66,687,2021-01-28 22:30:00+00:00
520.76,517.55,518.71,520.74,994,2021-01-29 07:00:00+00:00
521.98,520.2,520.5,520.99,356,2021-01-29 07:30:00+00:00
520.99,518.1,520.99,518.1,610,2021-01-29 08:00:00+00:00
518.5,517.0,518.1,518.32,499,2021-01-29 08:30:00+00:00
518.88,515.0,518.32,516.0,705,2021-01-29 09:00:00+00:00
517.94,516.01,517.2,516.12,161,2021-01-29 09:30:00+00:00
517.0,515.0,516.11,515.1,350,2021-01-29 10:00:00+00:00
518.16,515.5,516.17,517.77,116,2021-01-29 10:30:00+00:00
517.97,517.0,517.76,517.36,222,2021-01-29 11:00:00+00:00
518.48,517.1,517.35,518.48,264,2021-01-29 11:30:00+00:00
519.8,518.49,518.49,519.74,353,2021-01-29 12:00:00+00:00
519.76,517.61,519.7,518.49,4693,2021-01-29 12:30:00+00:00
519.58,516.6,518.44,518.45,7300,2021-01-29 13:00:00+00:00
523.0,518.0,518.0,521.68,2886,2021-01-29 13:30:00+00:00
523.25,520.12,521.33,523.25,2878,2021-01-29 14:00:00+00:00
523.8,516.41,522.69,520.82,315011,2021-01-29 14:30:00+00:00
532.82,518.6,521.12,532.4,301002,2021-01-29 15:00:00+00:00
533.39,525.03,532.25,526.39,145722,2021-01-29 15:30:00+00:00
527.41,521.6,526.27,523.51,107774,2021-01-29 16:00:00+00:00
524.82,520.4,523.4,524.44,92314,2021-01-29 16:30:00+00:00
526.19,521.11,524.39,521.44,94983,2021-01-29 17:00:00+00:00
522.19,516.89,521.43,518.59,156441,2021-01-29 17:30:00+00:00
521.49,516.78,518.4,521.35,95303,2021-01-29 18:00:00+00:00
521.43,517.21,521.27,518.33,84555,2021-01-29 18:30:00+00:00
520.4,518.23,518.28,519.62,75547,2021-01-29 19:00:00+00:00
519.68,516.99,519.32,518.82,87878,2021-01-29 19:30:00+00:00
524.17,518.97,518.97,522.71,115335,2021-01-29 20:00:00+00:00
525.02,518.51,522.8,519.05,315635,2021-01-29 20:30:00+00:00
525.08,518.0,519.05,519.42,413476,2021-01-29 21:00:00+00:00
519.5,517.5,519.4,517.9,1796,2021-01-29 21:30:00+00:00
519.56,517.67,517.68,518.6,245,2021-01-29 22:00:00+00:00
518.9,518.49,518.9,518.49,97,2021-01-29 22:30:00+00:00
